id,acronym,title,status,topic,cluster,programme,endDate,endYear,budget_eu_mln,coordinator,dualUse,focus,website,euPortalUrl,participants_count,objective
101127394,5GCTF,"CTF for 5G trainings and cyber-ranges",Ended,DIGITAL-ECCC-2022-CYBER-03-CYBER-RE,"Cyber Ranges","Digital Europe",2026-08-31,2026,1.21,,0,"5G CTF exercises; Capture-the-flag training; Telco security games",,https://ec.europa.eu/info/funding-tenders/opportunities/portal/screen/opportunities/projects-details/43152860/101127394/DIGITAL,2,"The goal of the 5GCTF project is to develop a modern approach to train and experiment with 5G technologies, protocols and services; both from an offensive and a defensive perspective. This is to address the 2nd objective of the topic Cyber-resilience within the call Cybersecurity and Trust (DIGITAL-ECCC-2022-CYBER-03-CYBER-RESILIENCE).
In addition to the development of the web platform, this project intends to develop multiple technical challenges to be solved for the user to progress through..."
101121338,AHEAD,"TowArd sustainable foresigHt capabilitiEs for",Ongoing,HORIZON-CL3-2022-SSRI-01-01,"Security & Society","Horizon Europe",2026-05-31,2026,1.5,"Thierry Hartmann, Project Coordinator
 Mirna El Ar",3,"Security foresight; Sustainable preparedness; Horizon scanning",https://he-ahead-project.eu/,https://cordis.europa.eu/project/id/101121338,14,"With the rise of potentially disruptive technologies such as artificial intelligence and virtual reality, a particular challenge has emerged for LEAs and other civil security practitioners. Tasked with fostering safe societies and protecting European citizens from new forms of criminality, they need to pre-empt technological evolutions, turning potential threats into opportunities, and anticipate the operational future of policing.

Technology foresight is one possible anticipatory process. H..."
101070450,AI4CYBER,"Trustworthy AI for Cybersecurity",Ongoing,HORIZON-CL4-2021-DIGITAL-EMERGING-01,"Cybersecurity Research","Horizon Europe",2026-06-30,2026,4.48,"Dr. Jorge Lobo – Tecnalia (CORDIS)",4,"Trustworthy AI; AI for cyber defence; Machine learning security",https://ai4cyber.eu/,https://cordis.europa.eu/project/id/101070450,15,"Artificial intelligence (AI) has lately proved to be a coin with two sides. On the one hand, it can be leveraged as a powerful defensive mechanism to improve system preparedness and response against cyber incidents and attacks, and on the other hand, it can be a formidable weapon attackers can use to damage, compromise or manipulate systems. 

AI4CYBER ambitions to provide an Ecosystem Framework of next-generation trustworthy cybersecurity services that leverage AI and Big Data technologies t..."
101131292,AIAS,"AI-Assisted Cybersecurity",Ongoing,HORIZON-MSCA-2023,"Cybersecurity Research","Horizon Europe",2027-12-31,2027,2.5,"Prof. Christos Xenakis
 Department of Digital Syst",3,"AI-assisted defence; ML threat detection; Research fellowship",https://aias-project.eu/partners/,https://cordis.europa.eu/project/id/101131292,10,"In recent years, the digital environment and digital transformation of enterprises of all sizes have made AI-based solutions vital to mission-critical. AI-based systems are used in every technical field, including smart cities, self-driving cars, autonomous ships, 5G/6G, and next-generation intrusion detection systems. The industry's significant exploitation of AI systems exposes early adopters to undiscovered vulnerabilities such as data corruption, model theft, and adversarial samples becau..."
101127968,ATHENA,"Establishing Cross-border SOCs",Ongoing,DIGITAL-ECCC-2022-CYBER-03-SOC,SOC,"Digital Europe",2028-03-31,2028,2.36,"Prof. Diofantos G. Hadjimitsis Cyprus University o",4,"Cross-border SOCs; Shared situational awareness; Joint incident response",https://soc-athena.eu/,https://ec.europa.eu/info/funding-tenders/opportunities/portal/screen/opportunities/projects-details/43152860/101127968/DIGITAL,5,"The proposal aims to deliver ATHENA, a europeAn THreat intelligence, rEspoNse and prepAredness platform, encompassing the national cybersecurity authorities of Cyprus, Greece, Bulgaria, and Malta. ATHENA will adopt a Cyber Security Operations Centers (CSOCs) Blueprint for cross border- cross-organizational, and cross-functional cooperation, collaboration, and coordination, and creating a model Coordinated Response Cluster for EU member states and other eligible entities.
More precisely, ATHEN..."
101225583,ATHENA,"ADVANCED VALIDATION AND TESTING ENVIRONMENT FOR ENHANCING THE EU HW AND SW VULNE",Ongoing,HORIZON-CL3-2024-CS-01-01,"Cybersecurity Research","Horizon Europe",2028-09-30,2028,5.2,"José Manuel Sánchez – CIBER TIEMPO REAL SISTEMAS (",0,"HW/SW vulnerability testing; Validation environment; EU security assessment",,https://cordis.europa.eu/project/id/101225583,12,"ATHENA will bring a flexible and scalable Cyber-security solution for being used by SW&HW manufacturers, including microenterprises, small and medium-sized enterprises (SMEs), organizations CISOs and cyber-security personnel. This solution will allow the above-mentioned stakeholders to test, validate and ensuring their SW&HW products compliance with the new EU mandatory security requirements (CRA) and its readiness for certification following the schemes proposed by the EU Cyber-security Act ..."
101167361,ATM-EXCITE,"Advancing Civil-Military Interoperability and",Ongoing,HORIZON-SESAR-2023-DES-ER2-WA1,Other,"Horizon Europe",2027-03-31,2027,0.96,"EURO-FUNDING EU PROJECTS SOCIEDAD LIMITADA",5,"Civil-military ATM; Interoperability frameworks; Air traffic security",https://atm-excite.eu/,https://cordis.europa.eu/project/id/101167361,6,"The ATM-EXCITE project will identify the requirements of ATM systems for civil-military aviation coordination and cybersecurity and develop a set of solutions. The project will engage with stakeholders throughout the solution development phase to ensure that the proposed solutions meet their needs.
By engaging with stakeholders and using a rigorous approach to solution development, the project team is confident that it will develop effective and implementable solutions to the challenges of ci..."
101128075,BCCR,"Binconf Range",Ongoing,DIGITAL-ECCC-2022-CYBER-03-CYBER-RE,"Cyber Ranges","Digital Europe",2026-08-31,2026,1.18,/,2,"Cyber range platform; Training infrastructure; Exercise simulation",https://www.bcrange.eu/,https://ec.europa.eu/info/funding-tenders/opportunities/portal/screen/opportunities/projects-details/43152860/101128075/DIGITAL,1,"The aim of this project is to create the first-of-its-kind cyber range in Slovakia, named Binconf range, which will provide advanced training and education in IT operations and management security. The center will cater to both public and private IT security professionals, aiming to enhance their skills and knowledge. Additionally, our goal is to increase interest in the field of IT security and motivate more young people, particularly women, to pursue careers in cybersecurity. Binconf range ..."
101167589,BORDERLINK,"Border Control Agencies for Interlinked and I",Ongoing,HORIZON-CL3-2023-BM-01-04,"Security & Society","Horizon Europe",2028-02-29,2028,5.72,"Frank Janssens
 Project Coordinator",4,"Border control interop; Agency coordination; Integrated surveillance",https://www.borderlink.eu/,https://cordis.europa.eu/project/id/101167589,18,"EU customs administrations implement common rules at the EU Customs Union borders. They protect society while facilitating legitimate trade. Alongside the collection of duties and taxes, customs core activities now include security related roles including fighting illegal trade in drugs, weapons, radioactive and nuclear materials, security sensitive dual-use items, illicit waste and other environmental threats. 

To deal with high volumes of goods moving across the Union`s borders, and the ne..."
101190006,CADMUS,"Cultivating Cybersecurity Defence Expertise with M",Ongoing,DIGITAL-2023-SKILLS-05-CYBERACADEMY,"Skills & Training","Digital Europe",2027-11-30,2027,3.15,"National Cybersecurity Authority (NCSA) of Greece",2,"Defence cyber expertise; Multi-domain training; Academy curriculum",https://cadmus-project.eu/,https://ec.europa.eu/info/funding-tenders/opportunities/portal/screen/opportunities/projects-details/43152860/101190006/DIGITAL,7,
101167904,CASTOR,"Trustworthy Networks and Path Security",Ongoing,HORIZON-CL3-2023-CS-01-01,"Cybersecurity Research","Horizon Europe",2027-09-30,2027,5.74,Ubitech,5,"Network path security; Trustworthy routing protocols; Zero-trust validation",https://castorhorizon.eu/,https://cordis.europa.eu/project/id/101167904,17,"Ever since the cloud-centric service provision started becoming incapable for efficiently supporting the emerging end-user needs, compute functionality has been shifted from the cloud, closer to the edge, or delegated to the user equipment at the far-edge. The resources and computing capabilities residing at those locations have been lately considered to collectively make-up a ‘compute continuum’, albeit its unproven assurance to securely accommodate end-to-end information sharing. The contin..."
101225878,CCAT,"Cybersecurity Certification and Assessment Tools",Ongoing,HORIZON-CL3-2024-CS-01-01,"Cybersecurity Research","Horizon Europe",2028-12-31,2028,4.22,"Masaryk University",3,"Certification tools; Assessment methodology; EU scheme evaluation",https://www.muni.cz/en/research/projects/74471,https://cordis.europa.eu/project/id/101225878,9,"Cybersecurity regulations are becoming increasingly complex. The Cybersecurity Act (CSA) introduces an EU-wide cybersecurity certification framework, while the Cyber Resilience Act (CRA) sets mandatory cybersecurity requirements for products with digital components. A reliable and flexible set of tools is essential for continuous security assessment and navigating these evolving regulations.

In the CCAT project, we propose adapting four open-source tools, developed in academic cybersecurity ..."
101189683,CEI-Sphere,"Cloud-Edge-IoT Spheres of Large-Scale Pilots",Ongoing,HORIZON-CL4-2024-DATA-01-05,"Digital & Data","Horizon Europe",2027-03-31,2027,2,"BLUSPECS SL",3,"Cloud-Edge-IoT pilots; Large-scale deployment; Data space federation",https://ceisphere.eu/,https://cordis.europa.eu/project/id/101189683,11,"CEI-Sphere aims to support the development of an open, interoperable, and competitive ecosystem that encompasses the Cloud-Edge-IoT Large-Scale Pilots (LSPs), particularly those funded under the CL4-2024-DATA-01-03 call and their stakeholders. CEI-Sphere will play an accretive role in supporting the Commission and the LSP community to achieve better outcomes including (i) gaining a detailed understanding of the use-cases, their level of maturity, their value chain and their markets (ii) ident..."
101249230,CERT.LV-SOC-LV,"Strengthening CERT.LV capabilities as National Security Operations Centre",Ongoing,DIGITAL-ECCC-2024-DEPLOY-CYBER-07-SOC,SOC,"Digital Europe",2028-12-31,2028,1.17,"Baiba Kaškina – CERT.LV (CERT site)",2,"National SOC Latvia; CERT capability building; Threat detection ops",https://www.cert.gov.lv,https://ec.europa.eu/info/funding-tenders/opportunities/portal/screen/opportunities/projects-details/43152860/101249230/DIGITAL,1,"Project “Strengthening CERT.LV capabilities as National Security Operations Centre”: CERT.LV – SOC – LV is continuing the efforts already stared by Cyber Incident Response Institution CERT.LV, a unit within the Institute of Mathematics and Computer Science of the University of Latvia in setting up and running the National Cybersecurity Operations Centre. Complimentary to the submitted CfEI for Joint Procurement under the same call with the same acronym: CERT.LV-SOC-LV. 

The project sets out ..."
101120606,CERTIFAI,"Agile conformance assessment for cybersecurit",Ongoing,HORIZON-CL3-2022-CS-01-04,"Cybersecurity Research","Horizon Europe",2026-08-31,2026,3.9,Tecnalia,0,"Agile conformance testing; Cybersecurity certification; Automated assessment",,https://cordis.europa.eu/project/id/101120606,11,"According to the EU Cyber Resilience Act, “hardware and software products are increasingly subject to successful cyberattacks, leading to an estimated global annual cost of cybercrime of EUR 5.5 trillion by 2021”. This is due to a low level of cybersecurity, reflected by widespread vulnerabilities and inadequate approaches for identifying and mitigating the rapidly and constantly evolving cyber threats and vulnerabilities, as well as ensuring continuous compliance with regulations, industry s..."
101249554,CHIEF,"Cybersecurity Hubs Interoperability and Coope",Ongoing,DIGITAL-ECCC-2024-DEPLOY-CYBER-07-S,Deployment,"Digital Europe",2028-12-31,2028,1.97,"Andrea Margheri 
 ACN: Agenzia per la Cybersicurez",5,"Hub interoperability; Cross-border cooperation; Cybersecurity coordination",https://www.chief-project.eu,https://ec.europa.eu/info/funding-tenders/opportunities/portal/screen/opportunities/projects-details/43152860/101249554/DIGITAL,5,"With the entry into force of Regulation (EU) 2025/38 Cyber Solidarity Act (CSoA), the European Union aims to enhance its ability to prepare for and respond to cyber crises. The CHIEF (Cybersecurity Hubs Interoperability and Cooperation Framework) project serves as a supportive initiative for the implementation of the CSoA. It aims to strengthen the European SOCs ecosystem, - with a focus on National and Cross-Border Cyber Hubs - while generating positive trickle-down effects on other SOCs at ..."
101083932,CIH,"Cybersecurity Innovation Hub",Ongoing,DIGITAL-2021-EDIH-INITIAL-01,"Digital & Data","Digital Europe",2026-04-30,2026,1.58,"Tereza Samanova
 +420723074150",3,"Innovation hub; SME digital transformation; Cybersecurity ecosystem",https://european-digital-innovation-hubs.ec.europa.eu/edih-catalogue/cih-1,https://ec.europa.eu/info/funding-tenders/opportunities/portal/screen/opportunities/projects-details/43152860/101083932/DIGITAL,9,"CIH will significantly support digital transformation and application of innovation in SMEs and public administration by building a coordinated and effective ecosystem comprising top research institutions with the necessary know-how and infrastructure, specialized business clusters, professional organizations, and public authorities. This robust ecosystem will provide its beneficiaries with access to education and information on cybersecurity trends and best practices, to expert advice and st..."
101249732,CIPHER,"Cybersecurity Intelligence, Protection, and Holist",Ongoing,DIGITAL-ECCC-2024-DEPLOY-CYBER-07-LARGEO,Deployment,"Digital Europe",2028-11-30,2028,8.63,Eviden,0,"Holistic protection; Intelligence-driven security; Large-scale operations",,https://ec.europa.eu/info/funding-tenders/opportunities/portal/screen/opportunities/projects-details/43152860/101249732/DIGITAL,11,"CIPHER project (Cybersecurity Intelligence, Protection, and Holistic Enterprise Resilience) aims to tackle and provide demonstrable solutions for security and information assurance in critical sectors by developing a collaborative, standardized and available-as-a-service testing facility for security strategies and enablers qualification contributing and aiming at fostering the compliance with the EU’s cybersecurity strategy for the Digital Decade. CIPHER’s laboratory develops and integrates ..."
101121325,CO-SECUR,"Knowledge building and social innovation for",Ongoing,HORIZON-CL3-2022-SSRI-01-04,"Security & Society","Horizon Europe",2026-11-30,2026,2,"Maite Ferrando KVeloce",3,"Social innovation; Co-creation security; Community knowledge building",https://cosecur.eu/,https://cordis.europa.eu/project/id/101121325,10,"CO-SECUR aims to build knowledge and a suite of tools, including a Societal Development Plan (SDP) to foster and accelerate the adoption of social innovations and responsible innovation principles that contribute to successful, more effective, and co-produced security solutions for public spaces (with special focus on massive events and crowded places), generating trust, acceptance, increasing security, security perception, and security behavior. 

For that, CO-SECUR will follow a methodology..."
101119602,COBALT,"Certification for Cybersecurity in EU ICT usi",Ongoing,HORIZON-CL3-2022-CS-01-04,"Cybersecurity Research","Horizon Europe",2026-10-31,2026,5,"National Centre for Scientific Research ""Demokrito",3,"ICT certification; Cybersecurity assurance; Compliance frameworks",https://horizon-cobalt.eu/about/#partners,https://cordis.europa.eu/project/id/101119602,14,"COBALT proposes the introduction of a Common Certification Model (CCM) for European industries, leveraging existing standards and composing a unified cybersecurity namespace for ICT processes. The proposal will uphold the paradigm of Digital Twinning (DT) via the creation of Digital Threads and extend it in a vertical agnostic approach across different industries, including Quantum computing (involving FHG’s Quantum Computer) and I4.0. The COBALT DT will explore technology disruption mainly f..."
101120221,COCOON,"COoperative Cyber prOtectiON for modern power",Ongoing,HORIZON-CL3-2022-CS-01-01,"Cybersecurity Research","Horizon Europe",2026-09-17,2026,5.22,"University of Cyprus",4,"Power grid cyber defence; Cooperative protection; Energy sector security",https://www.cyber-cocoon.eu/,https://cordis.europa.eu/project/id/101120221,12,"The convergence of Information Technology (IT) with Operational Technology (OT) environments for digitising mission-critical stability and flexibility of Electrical Power and Energy System (EPES) operations as well as new Ancillary Services (AS) business markets through Distributed Renewable Energy Sources (DRES), has undoubtedly expanded the cyber-attack spectrum in modern power grids with intrinsic cyber-physical properties. To achieve a pragmatic and cooperative cyber-physical protection, ..."
101158606,COcyber,"COcyber - Coordination between the cybersecurity civilian and defence spheres",Ongoing,DIGITAL-ECCC-2023-DEPLOY-CYBER-04-CIVIL-,Deployment,"Digital Europe",2026-06-30,2026,2.97,"28 Digital",5,"Civil-defence coordination; Knowledge sharing platform; Dual-use innovation",https://cocyber.eu,https://ec.europa.eu/info/funding-tenders/opportunities/portal/screen/opportunities/projects-details/43152860/101158606/DIGITAL,9,"Coordination between the cybersecurity civilian and defence spheres. The project facilitates two-way exchange of know-how, best practices, and information by establishing a framework for structured knowledge transfer and creates a trusted online platform including a cybersecurity observatory."
101158539,CRACoWi,"Cyber Resilience Act Compliance Wizard",Ongoing,DIGITAL-ECCC-2023-DEPLOY-CYBER-04-E,Deployment,"Digital Europe",2027-08-31,2027,4.22,"Information Technology for Market Leadership (ITML",2,"CRA compliance wizard; Automated conformity; Product security assessment",https://www.cracowi.eu/,https://ec.europa.eu/info/funding-tenders/opportunities/portal/screen/opportunities/projects-details/43152860/101158539/DIGITAL,14,"""CRACoWi seeks to meet the escalating cybersecurity challenges in the European digital market. As a response to the European Commission's Cyber Resilience Act, it introduces cybersecurity prerequisites throughout the product supply chain. CRACoWi, or the “Cyber Resilience Act - Compliance – Wizard"""" is being developed by the CRACoWi consortium to support SME manufacturers, distributors, and importers in meeting these conditions. Wizard emphasizes cybersecurity from a product's inception throu..."
101226247,CSC-EDIC,"Cybersecurity Skills Academy",Ongoing,DIGITAL-2024-BESTUSE-07-MULTICOUNTRY,"Skills & Training","Digital Europe",2028-12-31,2028,3.13,---,3,"Skills academy EDIC; Multi-country coordination; Workforce development",https://ncc.gov.ro/1/utile-cybersecurity-skills-academy/,https://ec.europa.eu/info/funding-tenders/opportunities/portal/screen/opportunities/projects-details/43152860/101226247/DIGITAL,3,"The CSC-EDIC proposal aims to establish the Cybersecurity Skills Coalition as a European Digital Infrastructure Consortium (EDIC), addressing the critical cybersecurity skills gap across the EU through a sustainable and impactful framework. This initiative focuses on creating a legally recognized entity with robust governance structures, physical and technical infrastructure, and strategic alignment with EU cybersecurity objectives. Key activities include fostering collaboration between acade..."
101128107,CTIOC,"Cyber Threat Intelligence Operations Centre (",Ongoing,DIGITAL-ECCC-2022-CYBER-03-SOC,SOC,"Digital Europe",2027-05-31,2027,1.4,,0,"Cyber threat intelligence; Operations centre; CTI analysis platform",,https://ec.europa.eu/info/funding-tenders/opportunities/portal/screen/opportunities/projects-details/43152860/101128107/DIGITAL,1,"Cyber Threat Intelligence Operations Centre, CTIOC- development and automation of key Cyber Threat Intelligence (CTI) collection/monitoring/analysis capabilities and CTI Operations Centre for National and European intelligence enrichment into communities/sharing partners.
In 2020, the Central Bank of Ireland established the Cyber Information and Intelligence Sharing Initiative (CIISI-IE) for the Operators of Essential Services (OES), under NISD, and other important firms pertaining to the Iri..."
101190372,CURIUM,CURIUM,Ongoing,DIGITAL-ECCC-2024-DEPLOY-CYBER-06-COMPLIANCECRA,Deployment,"Digital Europe",2026-06-30,2026,2.48,"Cybersecurity LTD - Kristian Ravic",1,,https://curium-project.eu,,0,
101120684,CUSTODES,"A Certification approach for dynamic. agile a",Ongoing,HORIZON-CL3-2022-CS-01-04,"Cybersecurity Research","Horizon Europe",2026-09-30,2026,5,"Project Coordinator: Dr. Shahid Raza
 Organisation",3,"Agile certification; Dynamic conformance; Adaptive security assessment",https://custodes-project.eu/,https://cordis.europa.eu/project/id/101120684,18,"Cybersecurity certification as introduced by the EU Cybersecurity Act (EUCSA) will play a crucial role in increasing the trust to and security of ICT Products, ICT Services and ICT Processes. Cybersecurity certification is a complex process, posing a variety of challenges to the different interested parties. 

This proposal introduces the CUSTODES, a system comprised of a variety of components with the aim to provide trustworthy, cost-effective, agile and portable conformity assessment capabi..."
101128017,CY-TRUST,"Cypriot Sectorial Security Operations Centres",Ongoing,DIGITAL-ECCC-2022-CYBER-03-SOC,SOC,"Digital Europe",2026-10-31,2026,1.93,"Digital Security Authority Cyprus",4,"Sectorial SOC Cyprus; National detection centre; Domain-specific monitoring",https://cy-trust.eu/,https://ec.europa.eu/info/funding-tenders/opportunities/portal/screen/opportunities/projects-details/43152860/101128017/DIGITAL,11,"""Motivated by EU's strategic push to increase the Union's cybersecurity posture, several initiatives are underway to address cybersecurity challenges in services critical to the European economy and wider society. In this context, this proposal proposes CY-TRUST (""""CYpriot secToRial secUrity operationS cenTres"""") which aims to increase the capacity the Republic of Cyprus to defend its infrastructures & citizens from cyber threats, through the introduction of Sectorial Security Operations Cent..."
101249702,CYBER-BRIDGE,"Building Cross-Border Cybersecurity and Compliance",Ongoing,DIGITAL-ECCC-2024-DEPLOY-CYBER-07-CYBERS,Deployment,"Digital Europe",2028-11-30,2028,2.92,"I-ENERGYLINK SRL (Romania)",0,"Cross-border compliance; Cybersecurity bridging; Regulatory alignment",,https://ec.europa.eu/info/funding-tenders/opportunities/portal/screen/opportunities/projects-details/43152860/101249702/DIGITAL,9,"The CYBER-BRIDGE project addresses the European Commission's DIGITAL-ECCC-2024-DEPLOY-CYBER-07-CYBERSEC-02 call by establishing a framework for EU cross-border cybersecurity cooperation. Aligned with NIS2, the Cybersecurity Act, and the Cyber Resilience Act, it enhances threat intelligence sharing, incident management, and regulatory compliance across Member States.

CYBER-BRIDGE will develop AI-powered tools supporting SMEs, SOCs, critical infrastructure operators, and law enforcement in man..."
101145879,Cyber-CORE-Network,"An Interconnected Ecosystem of Cyber Security Coor",Ongoing,DIGITAL-ECCC-2022-CYBER-B-03-SOC,SOC,"Digital Europe",2026-12-31,2026,1.78,"National Cyber Security Centre",2,"SOC ecosystem network; National coordination; Interconnected detection",https://www.ncsc.gov.ie/cyber-core/,https://ec.europa.eu/info/funding-tenders/opportunities/portal/screen/opportunities/projects-details/43152860/101145879/DIGITAL,1,"""The """"CORE"""" - Cyber Security Coordination and Response Network project intends to elevate Ireland's cybersecurity infrastructure, aligning seamlessly with the mandates of the NIS2 Directive and the overarching EU cybersecurity strategy. 

This 36-month initiative proposes the establishment and cultivation of innovative Cyber Security Coordination and Response Networks (COREs) across multiple critical sectors (Government, Local Government, Energy, Digital Infrastructure, Health, Transport, E..."
101256930,"CYBER4ALL 2.0","CYBERSECURITY FOR All v 2.0",Ongoing,DIGITAL-2025-EDIH-EU-EEA-08-CONSOLIDATIO,"Digital & Data","Digital Europe",2028-12-31,2028,1.85,/,3,"Digital innovation hub; Cyber resilience for all; SME support ecosystem",https://aiod.eu/project/proj_EtzjP22JKLiWhOx0hDtaS6hK/,https://ec.europa.eu/info/funding-tenders/opportunities/portal/screen/opportunities/projects-details/43152860/101256930/DIGITAL,8,"Cyber4All 2.0 builds on the success of its predecessor (Cyber4AllSTAR) to scale and professionalise EDIH services with a market-driven and sustainability-focused approach. The project addresses the four pillars of the Digital Europe Programme — TBI/TBB, Skills Development, Access to Finance, and Ecosystem Engagement — with strong emphasis on Cybersecurity, AI, and Compliance.

As a second-generation initiative, Cyber4All 2.0 evolves the regional cybersecurity pilot into a multi-faceted digita..."
101123445,CYBERACTIONING,"Training Cybersecurity Skills through Advanced Hig",Ongoing,DIGITAL-2022-SKILLS-03-SPECIALISED-EDU,"Skills & Training","Digital Europe",2027-09-30,2027,1.45,"Narseo VALLINA-RODRÍGUEZ, Principal Investigator f",3,"Advanced HE programmes; Specialised cyber education; Joint degree curricula",https://networks.imdea.org/projects/cyberactioning/,https://ec.europa.eu/info/funding-tenders/opportunities/portal/screen/opportunities/projects-details/43152860/101123445/DIGITAL,10,"The present proposal is originated by a consortium originally formed within the European University Alliance ARQUS, with the addition of five SMEs and a Research Centre, all of them covering four different European countries and with a high level of expertise in the field of cybersecurity. It aims to train professionals in this field through the following initiatives: (a) a joint European Master in cybersecurity with a mobility path along the four universities; (b) a MOOC in cybersecurity aim..."
101168182,CyberNEMO,"End-to-end Cybersecurity to NEMO Meta-OS",Ongoing,HORIZON-CL3-2023-CS-01-01,"Cybersecurity Research","Horizon Europe",2027-09-30,2027,6,"Dr. George Tsinarakis – Synelixis SA (CORDIS & pro",4,"Meta-OS security; End-to-end protection; Next-gen OS hardening",https://cybernemo.eu/,https://cordis.europa.eu/project/id/101168182,25,"Horizon project 101070118 ΝΕΜΟ (Next Generation Meta OS) builds an IoT-Edge-Cloud continuum, in the form of an open-source, flexible, adaptable, and multi-technology meta-Operating System. NEMO aims to unleash the power of Artificial Intelligence IoT to increase European autonomy in data processing and lower CO2 footprint. Leveraging on consortium partners technological excellence, along with clear business and exploitation strategies, CyberNEMO builds on top of NEMO to add end-to-end cyberse..."
101190009,"CyberPro Train","elevating CYBERsecurity PROfessionals by critical",Ongoing,DIGITAL-2023-SKILLS-05-CYBERACADEMY,"Skills & Training","Digital Europe",2027-10-31,2027,2.24,/,3,"Professional upskilling; Critical thinking training; Cyber workforce dev",https://cyberprotrain.eu/,https://ec.europa.eu/info/funding-tenders/opportunities/portal/screen/opportunities/projects-details/43152860/101190009/DIGITAL,12,"CyberPro Train project has a twofold objective:1. to implement an innovative scalable Cybersecurity educational model in 3 EU countries including theoretical and practical courses, hands-on training and on-the-job training to be replicated in Europe to contribute to reduce the lack of qualified cybersecurity professionals; 2. to create a CyberPro Train Digital Handbook, in the form of a one-stop-shop platform, encompassing cybersecurity best practices, guidelines, procedures and expertise for..."
101120779,CyberSecDome,"An innovative Virtual Reality based intrusion",Ongoing,HORIZON-CL3-2022-CS-01-01,"Cybersecurity Research","Horizon Europe",2026-08-31,2026,5.75,"Project Coordinator: Armend Duzha
 Institution: Ma",4,"VR-based intrusion detection; Immersive cyber defence; Visual threat analysis",https://cybersecdome.eu/,https://cordis.europa.eu/project/id/101120779,15,"Organisations across the sectors significantly benefit from digital transformation to support evolving business models, services and customer experience. Despite the benefits of digital infrastructure adoption, there are numerous security challenges that could pose any digital disruption and risks for the critical service delivery and overall business continuity. There is a need to understand the overall digital infrastructure context and analyse and predict the possible threats and incidents..."
101158521,CYBERSTAND.eu,"Engaging & supporting EU experts in cybersecurity",Ongoing,DIGITAL-ECCC-2023-DEPLOY-CYBER-04-STANDA,Deployment,"Digital Europe",2027-05-31,2027,3,"Nicholas Ferguson Trust-IT Services",3,"Standards engagement; Expert mobilisation; EU cybersec standardisation",https://cyberstand.eu/,https://ec.europa.eu/info/funding-tenders/opportunities/portal/screen/opportunities/projects-details/43152860/101158521/DIGITAL,7,"CYBERSTAND.eu aims at delivering a targeted, industry-centred, policy-driven initiative to support European interests in cybersecurity standardisation in view of the proposed Regulation to the Cyber Resilience Act CRA. The 36-month project builds on mature premises brought in by the Consortium and implements a focussed work plan revolving around 3 pillars: a) Create an engaged knowledge-sharing community, through inspiring events amongst stakeholders; b) Setup a merit-driven facility with 1.5..."
101158555,CYberSynchrony,"Harmonizing People, Processes, and Technology for",Ongoing,DIGITAL-ECCC-2023-DEPLOY-CYBER-04-SUPPOR,Deployment,"Digital Europe",2027-05-31,2027,7,Maggioli,3,"People-process-technology; Harmonized deployment; Organizational resilience",https://cybersynchrony.eu/,https://ec.europa.eu/info/funding-tenders/opportunities/portal/screen/opportunities/projects-details/43152860/101158555/DIGITAL,12,"CYberSynchrony introduces a holistic modular framework, amalgamating pioneering technologies to cultivate a cohesive, resilient cybersecurity infrastructure. Integrating every facet of organizational security, from technological advancements and human contributions to streamlined processes and a security-centric culture, the project lays significant emphasis on rapid incident responses. This ensures enhanced preparedness and mutual assistance, providing an efficient counter to cyber threats. ..."
101128024,CYBERUNITY,"Community for Integrating and Opening Cyber R",Ongoing,DIGITAL-ECCC-2022-CYBER-03-CYBER-RE,"Cyber Ranges","Digital Europe",2026-12-31,2026,1.95,"Norwegian University of Science and Technology (NT",3,"Cyber range integration; Open community platform; Federated exercises",https://cyberunity.eu/,https://ec.europa.eu/info/funding-tenders/opportunities/portal/screen/opportunities/projects-details/43152860/101128024/DIGITAL,10,"CYBERUNITY targets the second objective of the DIGITAL-ECCC-2022-CYBER-03-CYBER-RESILIENCE -EU Cybersecurity Resilience, Coordination and Cybersecurity Ranges topic in the Call. Its main goal is to build an interoperable community of Cyber Ranges in Europe, initially by bringing together the cyber ranges owned and operated by the partners in the consortium, whilst “opening” the cyber range interoperability specifications for building and expanding a thriving community of cybersecurity experts..."
101189986,CYCERONE,"CYbersecurity aCadEmy foR educatiOn and experieNcE",Ongoing,DIGITAL-2023-SKILLS-05-CYBERACADEMY,"Skills & Training","Digital Europe",2027-12-31,2027,3.3,/,3,"Cybersecurity academy; Professional curriculum; Hands-on training",https://cycerone.eu/,https://ec.europa.eu/info/funding-tenders/opportunities/portal/screen/opportunities/projects-details/43152860/101189986/DIGITAL,16,"CYCERONE will be a pivotal European platform for cybersecurity education and professional development. Its mission is to offer a unified access point for diverse learners – focusing on SMEs and public sectors - to enhance their cybersecurity skills. The initiative aims to amplify the reach of higher education institutions and professional training providers in cybersecurity through strategic marketing and dissemination within the Cybersecurity Skills Academy, connecting to existing available ..."
101128052,CYDERCO,"CYber DEtection. Response and COllaboration",Ongoing,DIGITAL-ECCC-2022-CYBER-03-SOC,SOC,"Digital Europe",2026-09-30,2026,1.44,"EVIDEN TECHNOLOGIES SRL,",0,"Cyber detection & response; Collaborative operations; Joint SOC platform",,https://ec.europa.eu/info/funding-tenders/opportunities/portal/screen/opportunities/projects-details/43152860/101128052/DIGITAL,4,"The threat landscape has been increasing exponentially as the adoption of new technologies such as IoT, Big Data, Cloud computing are expanding the attack surface and cyber criminals are becoming more organized.
We will develop, test, and validate two platforms that will support and enhance the detection and response capabilities of relevant entities, including private and national SOC’s, to fight against cyber threats that affect network and information systems across the European Union.
The..."
101140226,Cynergy4MIE,"Leverage synergy by cyber-physical systems fo",Ongoing,HORIZON-KDT-JU-2023-2-RIA-Topi,"Infrastructure Protection","Horizon Europe",2027-08-31,2027,10.29,"Principal investigator Polito 
 Coordinator AVL Li",0,"Cyber-physical systems; Manufacturing security; Industrial IoT protection",,https://cordis.europa.eu/project/id/101140226,45,"Cynergy4MIE is a visionary project poised to revolutionize Europe's industrial landscape by bridging the gap between foundational technology layers, cross-sectional technologies, and key application areas. The project addresses the pressing need for efficient resource utilization and synergy creation across ecosystems. By actively managing requirements from various key application areas, Cynergy4MIE aims to steer developments in foundational technology layers and cross-sectional technologies,..."
101128088,CYRESRANGE,"Cyber Ranges Resiliency Networks",Ongoing,DIGITAL-ECCC-2022-CYBER-03-CYBER-RE,"Cyber Ranges","Digital Europe",2026-08-31,2026,1.1,"MARITIME UNIVERSITY OF CONSTANȚA, CMU - Romania",5,"Cyber range federation; Resilience network testing; Cross-border exercises",https://cyresrange.net/,https://ec.europa.eu/info/funding-tenders/opportunities/portal/screen/opportunities/projects-details/43152860/101128088/DIGITAL,7,"The proposed CYRESRANGE project addresses concerns and European directives in the field of cyber security, following the fulfillment of synoptic requirements at the EU level expressed through the EU Cyber Strategy presented by The European Commission and the High Representative of the Union for Foreign Affairs and Security Policy to “build resilience to cyber threats and ensure citizens and businesses benefit from trustworthy digital technologies” where “the EU's technological sovereignty nee..."
101100733,CYRUS,"A personalised, customised, work-based training framework for enhanced CYbeR-sec",Ongoing,DIGITAL-2022-TRAINING-02-SHORT-COURSES,"Skills & Training","Digital Europe",2026-04-30,2026,3.2,"Deep Blue SRL – coordinator (Funding Portal)",0,"Personalised training; Work-based learning; Customised cyber courses",,https://ec.europa.eu/info/funding-tenders/opportunities/portal/screen/opportunities/projects-details/43152860/101100733/DIGITAL,13,"A need for cybersecurity has arisen together with the explosive growth in electronic-device connectivity, both provided and exploited by businesses of all sectors and sizes. The massive data generated and exchanged by modern devices has to be protected from cybercrime, which has emerged as a fast-growing market where the stakeholders, attackers and defenders, have access to an unprecedented wealth of technologies, attack strategies and defence systems. In the defender field, thriving companie..."
101158471,CYSSDE,"CyberSecurity Deplopyment Preparedness Support, Ca",Ongoing,DIGITAL-ECCC-2023-DEPLOY-CYBER-04-SUPPOR,Deployment,"Digital Europe",2028-05-31,2028,6.98,LSEC,2,"Deployment preparedness; Capability support; EU-wide rollout",https://cyssde.eu/,https://ec.europa.eu/info/funding-tenders/opportunities/portal/screen/opportunities/projects-details/43152860/101158471/DIGITAL,8,"CYSSDE – CyberSecurity Deployment Preparedness Support, Capacity and Capabilities is a project proposal by a consortium of European CyberSecurity experts in collaboration with the leading European innovation support coordinator. It aims to tackle the challenge of the 80% known vulnerabilities found within 64% of the identified Essential Services Operators that will be impacted by NIS2, and the 92% of SMEs that indicate that they are not capable of improving their CyberSecurity resilience by t..."
101121249,DIREKTION,"Disaster Resilience Knowledge Network promoti",Ongoing,HORIZON-CL3-2022-SSRI-01-02,"Security & Society","Horizon Europe",2026-09-30,2026,2.01,"Maelle Groslier SAFE Cluster",3,"Disaster resilience network; Knowledge exchange; Cross-border DRR",https://www.direktion-network.org/,https://cordis.europa.eu/project/id/101121249,16,"The number and severity of disasters are increasing in Europe, due to climate change, ageing of industrial facilities and infrastructures, geo-political instability, poor knowledge management for critical activities and the vulnerability of the population exposed (density, age, migration…). To face these challenges, firefighters, rescuers, emergency medical responders and civil protection staff, have to implement effective and affordable solutions to support their operations. The DIREKTION pr..."
101225575,ECHO,"Empowering and Connecting Diverse Communities",Ongoing,HORIZON-CL3-2024-INFRA-01-02,"Infrastructure Protection","Horizon Europe",2028-09-30,2028,6,"Netcompany/ Luxembourg. Dr Sean Travers
 EU Projec",5,"Critical infrastructure resilience; Cross-border coordination; Diverse community empowerment",https://echo-horizon.eu/,https://cordis.europa.eu/project/id/101225575,29,"As (peri-)urban areas become increasingly digital, interconnected, and complex, alongside growing threats such as climate change, natural disasters, or cyber-attacks, there is an urgent need to enhance the resilience and security of critical infrastructures (CIs) and the essential services they support. ECHO addresses these challenges by creating a multi-level Resilience Ecosystem that unites CI operators, Emergency Service Providers (ESPs), local/regional authorities (AUTs), and emergency se..."
101158784,ECYBRIDGE,"Strengthening Synergies in Defence and Civilian Cy",Ongoing,DIGITAL-ECCC-2023-DEPLOY-CYBER-04-CIVIL-,Deployment,"Digital Europe",2026-05-31,2026,2.49,"Constanta Maritime University",5,"Civil-defence synergies; Dual-use capability building; Cross-sector cooperation",https://ecybridge.eu/initiatives-and-actions/,https://ec.europa.eu/info/funding-tenders/opportunities/portal/screen/opportunities/projects-details/43152860/101158784/DIGITAL,17,"The CYBRIDGE project aims to reinforce the coordination and synergy between the civilian and defence sectors within the realm of cybersecurity. Recognising the intertwined nature of these sectors in today's digital landscape, this project seeks to enhance exchange and coordination between the cybersecurity civilian and defence spheres and cultivate a cohesive strategy, increasing the Europe's resilience against emerging cyber threats. Nowadays, security done in silos is not efficient, as most..."
101127713,EL-SOC,"Enhancing the capacity of the Hellenic Consol",Ongoing,DIGITAL-ECCC-2022-CYBER-03-SOC,SOC,"Digital Europe",2026-12-31,2026,4.84,"National Cybersecurity Authority (NCSA) of Greece",2,"Hellenic SOC enhancement; National cyber capacity; Threat monitoring ops",https://www.mindigital.gr/el-soc,https://ec.europa.eu/info/funding-tenders/opportunities/portal/screen/opportunities/projects-details/43152860/101127713/DIGITAL,5,"The proposal on enhancing the capacity of the Hellenic Consolidated Security Operation Center, aims to improve national cybersecurity resilience with faster detection and response to cybersecurity incidents and threats through the strengthening of the newly deployed 
EL-SOC, a national hub for sectoral SOCs, currently operating in the National Cybersecurity Authority of Greece (NCSA). In particular, the project aims to develop EL-SOC's cyber threat detection and analysis capabilities by lever..."
101120688,EMERALD,"Evidence Management for Continuous Certificat",Ongoing,HORIZON-CL3-2022-CS-01-04,"Cybersecurity Research","Horizon Europe",2026-10-31,2026,4.74,tecnalia,3,"Continuous certification; Evidence management; Automated compliance",https://www.emerald-he.eu/,https://cordis.europa.eu/project/id/101120688,13,"Cloud-based services have grown from basic computing services to complex ecosystems, comprising (virtual) infrastructure, business processes and application code. These advanced services also increasingly leverage the usage of Artificial Intelligence, including Machine Learning or Natural Language Processing techniques, raising the complexity even higher. Due to the cascade of dependencies among the different products and services, the need arose to bring more agility to the certification pro..."
101121152,ENACT,"European Network Against Crime and Terrorism",Ongoing,HORIZON-CL3-2022-SSRI-01-02,"Security & Society","Horizon Europe",2026-08-31,2026,1.91,"Coordinator
 Polícia Judiciária",4,"Anti-crime networking; Counter-terrorism tools; Cross-border law enforcement",https://enact-eu.net/,https://cordis.europa.eu/project/id/101121152,11,"The programming of Security R&I is a highly sensitive exercise which has grown in complexity during the past years. Moreover, the uptake of innovation stemming from EU-funded security R&I projects remains a challenge. The goal of ENACT is to set up a Knowledge Network for Security R&I in the Fighting Crime and Terrorism area capable of i) supporting the EU-funded FCT security R&I cycle and the overall community and market actors with actionable evidence, and ii) boosting the Innovation Uptake..."
101070670,ENCRYPT,"Privacy-Preserving Cybersecurity",Ongoing,HORIZON-CL3-2021-CS-01,"Cybersecurity Research","Horizon Europe",2026-05-31,2026,4.45,"Dr. George Giannopoulos – EXUS Software (CORDIS)",3,"Privacy-preserving tech; Homomorphic encryption; Secure computation",https://encrypt-project.eu/about/,https://cordis.europa.eu/project/id/101070670,13,"The deluge of big data, accompanied by developments in software and hardware technologies leveraging them, has created new opportunities for research and industry. Europe The main challenges, though, faced by researchers and service providers working with personal data, are stemming from the fact that these data need to be processed in a privacy-preserving way, as they contain sensitive information. Although several technologies have been developed to facilitate the processing of data while p..."
101168007,ENDURANCE,"Strategies and Services for Enhanced Disrupti",Ongoing,HORIZON-CL3-2023-INFRA-01-01,"Infrastructure Protection","Horizon Europe",2027-09-30,2027,5,"Liana-Miruna Predut
 Project Coordinator – EVIDEN ",3,"Disruption preparedness; Service continuity; Infrastructure resilience",https://endurance-horizon.eu/,https://cordis.europa.eu/project/id/101168007,22,"Amidst an increasingly interconnected and complex world, the provision of essential services remains crucial for the well-being of European citizens and the smooth functioning of the internal market. Yet, the ever-evolving landscape of risks, ranging from cyber threats, physical attacks, and human errors to natural disasters, demands a proactive and collaborative, pan-European approach to ensuring disruption resilience. Therefore, ENDURANCE is driven by the critical need to fortify Europe’s e..."
101158692,ENIAC,"Enhanced NIS2 Implementation And Cooperation",Ongoing,DIGITAL-ECCC-2023-DEPLOY-CYBER-04-E,Deployment,"Digital Europe",2027-05-31,2027,4.5,,0,"NIS2 implementation; EU legislation compliance; Cooperative enforcement",,https://ec.europa.eu/info/funding-tenders/opportunities/portal/screen/opportunities/projects-details/43152860/101158692/DIGITAL,1,"The Enhanced NIS2 Implementation And Cooperation Project (The ENIAC Project) is MSB’s flagship project in terms of preparing itself, Swedish organizations and Swedish society at large for the changes that will follow the transposition of the NIS2 Directive into Swedish law. The ENIAC project comprises four work packages:

WP 1 Administration and management: This work package provides the administrative backbone for the ENIAC project.
WP 2 Communication, coordination & capacity building: This ..."
101168360,ENSEMBLE,"ENhanced AI-baSEd cybercriMe-oriented collaBo",Ongoing,HORIZON-CL3-2023-FCT-01-06,"Security & Society","Horizon Europe",2027-10-31,2027,3.66,,4,"AI-based crime analysis; Cybercrime collaboration; Law enforcement tools",https://ensemble-he.eu/,https://cordis.europa.eu/project/id/101168360,17,"Technology advancements enhance everyday life, but they also provide numerous opportunities for the proliferation of advanced cybercrimes, which, via innovative tactics and techniques, pose serious security and financial risks to EU and beyond. ENSEMBLE aims to provide a well-rounded response to the fight against (cross-border) cybercriminal activities, at the nexus of advanced AI-based technological solutions, (multi-stakeholder) investigations processes, training, and awareness in order to ..."
101127660,ENSOC,"ENSOC-CROSSBORDER PLATFORM",Ongoing,DIGITAL-ECCC-2022-CYBER-03-SOC,SOC,"Digital Europe",2026-12-31,2026,5.18,,0,"Cross-border SOC platform; Federated detection; Shared response ops",,https://ec.europa.eu/info/funding-tenders/opportunities/portal/screen/opportunities/projects-details/43152860/101127660/DIGITAL,7,"""The ENSOC Consortium composed of seven member states, namely Austria, Luxembourgh, Romania, Netherlands, Portugal, Italy and Spain have joined together to build a collaborative, interoperable and sustainable crossborder SOC platform with the aim to support the detection and prevention of cyber threats and provide timely warnings to authorities and all relevant stakeholders, therefore strengthening the European Cybershield.

After the past several major cyber-attacks, collaboration among diff..."
101128063,EXE-SOC,"EXE Security Operations Centre",Ongoing,DIGITAL-ECCC-2022-CYBER-03-SOC,SOC,"Digital Europe",2026-09-30,2026,0.55,,4,"National SOC enhancement; Threat monitoring; Incident detection",https://exesoc.sk/,https://ec.europa.eu/info/funding-tenders/opportunities/portal/screen/opportunities/projects-details/43152860/101128063/DIGITAL,3,"The project's main objective is founding and initial operation of EXE Security Operations Centre (EXE-SOC). It is in line with the call (topic) objectives and DEP Specific Objective 3 – Cybersecurity and Trust and its operational objectives b, c and e. The objective is based on policy objectives on European level and analysis of actual needs, and it aims to create, support and strengthen cyber threat detection capacities, allowing for reinforced capacities to monitor and detect cyber threats,..."
101225859,FOCAL,"Post-Quantum Cryptosystem Composition",Ongoing,HORIZON-CL3-2024-CS-01-02,"Cybersecurity Research","Horizon Europe",2028-09-30,2028,5.95,"Prof. Marios Dikaiakos – University of Cyprus (COR",3,"Post-quantum cryptography; Cryptosystem composition; Migration readiness",https://www.focal-pqc.eu/,https://cordis.europa.eu/project/id/101225859,15,"The FOCAL project will deliver a unified framework to achieve practical E2E functional composition of PQC in edge networked environments. Functional composition will be accommodated under a cross-layering paradigm mapping requirements of existing PQC cryptosystems and further improving them through appropriate methodologies and mechanisms via considering device, software, networking and communication properties. Consequently, FOCAL will act as a cornerstone on achieving the first practical an..."
101158808,HEP-OTSEC,"Hrvatska elektroprivreda d.d. - Operational t",Ongoing,DIGITAL-ECCC-2023-DEPLOY-CYBER-04-E,Deployment,"Digital Europe",2026-03-31,2026,1.25,"Hrvatska elektroprivreda d.d.",0,"OT security operations; Energy sector protection; Industrial SCADA defence",,https://ec.europa.eu/info/funding-tenders/opportunities/portal/screen/opportunities/projects-details/43152860/101158808/DIGITAL,3,"""Project HEP-OTSEC - Hrvatska elektroprivreda d.d. - Operational technology of security aims is at the compliance of the processes of the thermal power plants of HEP-Proizvodnja d.o.o. and gas distribution processes of HEP-Plin (Gas) d.o.o. with NIS2-ZKS. Primarily this means straight-forward implementation of measures accordingly to NIS2-ZKS.
With the adoption of the NIS Directive (EU) 1148/2016, i.e. its transposition into the Croatian national legislation (hereinafter referred to as NIS2-Z..."
101204086,INSIDER,"Insider Threat Management for Critical Infrastructure Cyber-security: A Three-pa",Ongoing,HORIZON-MSCA-2024-PF-01-01,"Infrastructure Protection","Horizon Europe",2028-03-31,2028,5.68,"IMPERIAL COLLEGE OF SCIENCE TECHNOLOGY AND MEDICIN",0,"Insider threat management; Critical infra security; Behavioural analysis",,https://cordis.europa.eu/project/id/101204086,2,"Dr Gehui Xu will carry out a project focusing on Insider Threat Management for Critical Infrastructure Cyber-security: A Three-party Game-Theoretic Perspective (INSIDER). The impact of insider threats on cyber-security will be studied from a game-theoretic perspective, and effective defense strategies will be developed to identify, assess, and mitigate complex internal-external coordinated attacks. The established theoretical framework will be applied to microgrids, a crucial component of cri..."
101135877,INSTAR,"International cooperation for digital standar",Ongoing,HORIZON-CL4-2023-HUMAN-01-65,Other,"Horizon Europe",2026-06-30,2026,1.5,"Tanya Suarez BluSpecs",3,"Digital standards cooperation; International alignment; Regulatory harmonisation",https://instarstandards.org/,https://cordis.europa.eu/project/id/101135877,10,"INSTAR unites experts, policymakers, and industry leaders to ensure global standards align with market needs and do not hinder technology innovation. By harmonising objectives and strengthening Europe’s leadership in ICT standardisation, INSTAR contributes to more secure, competitive, and widely adopted digital technologies. Its main objectives are to build alliances, explore opportunities for synergies and develop joint priorities with international like-minded partners to support the EU Dig..."
101168438,INTACT,"IoT-to-Cloud Cybersecurity Toolbox",Ongoing,HORIZON-CL3-2023-CS-01-01,"Cybersecurity Research","Horizon Europe",2027-09-30,2027,5.86,"Dr. Andrea Valenza – Engineering Ingegneria Inform",4,"IoT-to-Cloud security; Toolbox development; Pervasive computing protection",https://intact-horizon.eu/,https://cordis.europa.eu/project/id/101168438,19,"We will develop an Integrated Software Toolbox that will offer predictive Cybersecurity sensing, optimization and management services for the distributed IoT-to-Cloud continuum.

The scope is to continuously maximizing the continuum’s infrastructure security and data privacy with minimal effect on its computing capacity, energy consumption, monetary costs, etc. that are necessary for the businesses to run.

To do so, Twinning tools will be replicating the continuum as virtual (isolated) datas..."
101249724,"IQ Defence","Humans as Intelligent Shields against Cyber Threat",Ongoing,DIGITAL-ECCC-2024-DEPLOY-CYBER-07-CYBERS,Deployment,"Digital Europe",2028-12-31,2028,2.04,,0,"Human cyber shields; Awareness-based defence; Social engineering resilience",,https://ec.europa.eu/info/funding-tenders/opportunities/portal/screen/opportunities/projects-details/43152860/101249724/DIGITAL,2,"The IQ Defence project is designed to substantially improve cybersecurity preparedness, regulatory compliance, and operational resilience throughout the European Union. The initiative directly supports the implementation of critical EU cybersecurity legislation, notably the NIS2 Directive and the Cyber Resilience Act (CRA), and is precisely aligned with the DIGITAL-ECCC-2024-DEPLOY-CYBER-07-CYBERSEC-02 call.
IQ Defence will implement structured, multilingual awareness campaigns that are inten..."
101168311,LICORICE,"Self-Sovereign Identity & Privacy Tools",Ongoing,HORIZON-CL3-2023-CS-01-02,"Cybersecurity Research","Horizon Europe",2027-09-30,2027,5.99,"Prof. Bart Preneel KU Leuven",3,"Self-sovereign identity; Privacy-preserving tools; Decentralised credentials",https://www.licorice-horizon.eu/,https://cordis.europa.eu/project/id/101168311,12,"Global accelerated digital transformation, shaped by disruptive technologies (AI and Big Data, Metaverses and Web3, etc.), brings both unprecedented opportunities for EU citizens and businesses and emerging and increased challenges: surge in sophisticated cyber-attacks, multifarious forms of data abuse and the corresponding growth of public concern over loss of data control or identity-related crimes. In this context, preserving trust among stakeholders with strong data protection guarantees ..."
101168144,MIRANDA,"Cybersecurity Digital Twin for Supply Chains",Ongoing,HORIZON-CL3-2023-CS-01-01,"Cybersecurity Research","Horizon Europe",2027-09-30,2027,6.08,"Dr. Stefano Bistarelli – University of Perugia (CO",4,"Supply chain digital twin; Risk simulation; Dependency mapping",https://www.mirandaproject.eu/,https://cordis.europa.eu/project/id/101168144,14,"The growing level of interconnectedness of digital services and infrastructures creates tight and recursive security interdependencies between their providers, which are challenging to address due to the fragmentation of cybersecurity operations. This requires each provider to improve the security posture of its suppliers. However, existing practice, largely based on human interaction for disclosing vulnerabilities, reporting alerts, and suggesting remediations, demonstrates to be largely ine..."
101195086,N4CY2,"Advancing the NCC-CY: The Next Chapter of the Nati",Ongoing,DIGITAL-ECCC-2024-DEPLOY-NCC-06-MS-COORD,Deployment,"Digital Europe",2028-12-31,2028,3.84,,0,"National NCC coordination; Capacity advancement; Member state support",,https://ec.europa.eu/info/funding-tenders/opportunities/portal/screen/opportunities/projects-details/43152860/101195086/DIGITAL,3,"N4CY2 aims to support the sustainability and further development of the National Cybersecurity Coordination Centre of the Republic of Cyprus (NCC-CY), which is coordinated by the Digital Security Authority (DSA) in collaboration with the Cyprus Research and Innovation Foundation (RIF) and with the support of the Deputy Ministry of Research, Innovation and Digital Policy (DMRID). N4CY2 aims to provide financial support to third parties via open calls targeted at SMEs (with a dedicated budget t..."
101249704,NBCC,"Nordic-Baltic Cyber Hub",Ongoing,DIGITAL-ECCC-2024-DEPLOY-CYBER-07-SOCPLAT,SOC,"Digital Europe",2029-12-31,2029,1.48,"Morten Kjaersgaard – Danish NCC (project site)",4,"Nordic-Baltic hub; Regional SOC platform; Cross-border cyber ops",https://www.cert.gov.lv/en/2011/01/international-projects,https://ec.europa.eu/info/funding-tenders/opportunities/portal/screen/opportunities/projects-details/43152860/101249704/DIGITAL,7,"This application answers the Commissions call for applications to operate a regional cyber-hub. With this application Finland, Iceland, Estonia, Latvia, Lithuania, Norway and Denmark propose to establish a Nordic-Baltic Cyber Consortium (NBCC) to fill the role as a regional cyber-hub. The project coordinator is the Danish Resilience Agency (SAMSIK).

The Nordic and Baltic countries face similar threats in the cyber domain, have a fair amount of shared infrastructure, and are prone to cross-bo..."
101135632,NexusForum.EU,"Consolidating Research and Policy along the C",Ongoing,HORIZON-CL4-2023-DATA-01-06,"Digital & Data","Horizon Europe",2026-06-30,2026,2,"RISE Research Institutes of Sweden AB",3,"Cybersecurity-data nexus; Policy consolidation; Research-policy bridge",https://nexusforum.eu/,https://cordis.europa.eu/project/id/101135632,7,"The transition from H2020 to HE reflects an ongoing mega-trend in ICT: the convergence of Cloud, Edge, and IoT. This tendency has significant impact in Europe at scientific, technological, socio-economic, and geopolitical levels, as these traditionally separated fields are now converging into a much larger ecosystem now sharing a number of common challenges and key priorities. Upcoming RIAs should integrate and capitalise on ongoing efforts, with a vital aspect for Europe in this whole proces..."
101145872,NITRO,"Connected 5G-IoT Cyber Range for Training and",Ongoing,DIGITAL-ECCC-2022-CYBER-B-03-CYBER-,"Cyber Ranges","Digital Europe",2026-12-31,2026,1,"University of Piraeus Research Center (UPRC)",5,"5G-IoT cyber range; Connected device testing; Training simulation",https://nitro-project.eu/,https://ec.europa.eu/info/funding-tenders/opportunities/portal/screen/opportunities/projects-details/43152860/101145872/DIGITAL,6,"NITRO aims to contribute to and foster the creation of a 5G-IoT cyber range which refers to a specialized cybersecurity testing and training environment that focuses on simulating and evaluating the security of 5G networks interconnected with Internet of Things (IoT) devices and applications. NITRO will provide a controlled platform where cybersecurity professionals, researchers, and organizations can study, practice, and develop skills related to securing 5G mobile networks, IoT wireless tec..."
101145867,OT_EarWarnSys,"EARLY WARNING SYSTEM FOR CRITICAL INFRASTRUCT",Ended,DIGITAL-ECCC-2022-CYBER-B-03-CYBER-,"Infrastructure Protection","Digital Europe",2026-12-31,2026,1.85,,0,"OT early warning; Critical infra monitoring; Industrial threat detection",,https://ec.europa.eu/info/funding-tenders/opportunities/portal/screen/opportunities/projects-details/43152860/101145867/DIGITAL,1,"The OT_EarWarnSys project, developed by BD's cybersecurity R&D center, is an innovative research framework designed to capture and predict cybersecurity threats in industrial environments. It leverages the characterization of critical infrastructure to create a hybrid and adaptive digital twin model. 
This model seamlessly integrates physical process control components with digital elements that are exposed to the Internet, creating a system that can effectively monitor and respond to potenti..."
101070586,PHOENI2X,"Cyber Resilience Framework",Ongoing,HORIZON-CL3-2021-CS-01,"Cybersecurity Research","Horizon Europe",2026-05-31,2026,4.99,"Dr. George Spanoudakis – City University of London",4,"Cyber resilience framework; Incident response automation; Multi-sector protection",https://phoeni2x.eu/,https://cordis.europa.eu/project/id/101070586,17,"PHOENi²X aims to design, develop, and deliver a Cyber Resilience Framework providing Artificial Intelligence (AI) - assisted orchestration, automation & response capabilities for business continuity and recovery, incident response, and information exchange, tailored to the needs of Operators of Essential Services (OES) and of the EU Member State (MS) National Authorities entrusted with cybersecurity. Through the deployment PHOENi²X Cyber Resilience Centres (PHOENi²X CRCs), OES will gain: (i) ..."
101225797,POSEIDON,"Post-Quantum Secure Digital Identities",Ongoing,HORIZON-CL3-2024-CS-01-02,"Cybersecurity Research","Horizon Europe",2028-09-30,2028,6,"Dr. Julian Dailly EIFER (European Institute for En",0,"Post-quantum identity; Secure digital credentials; Quantum-safe protocols",,https://cordis.europa.eu/project/id/101225797,15,"To advance towards the strategic goal of achieving both a tangible and effective increase in cybersecurity/resilience and a more secure online environment across the EU with technological sovereignty, a fundamental pillar will be the implementation of a secure and efficient transition from pre- to post-quantum cryptography sustained on tools implementing a hybrid approach. 
POSEIDON will pave a credible pathway in this regard by developing novel digital technological capabilities in this doma..."
101225691,QARC,"Quantum-Resistant Cryptography in Practice",Ongoing,HORIZON-CL3-2024-CS-01-02,"Cybersecurity Research","Horizon Europe",2028-12-31,2028,5.72,"Prof. Petr Svenda – Brno University of Technology ",0,"Quantum-resistant crypto; PQC implementation; Practical migration tools",,https://cordis.europa.eu/project/id/101225691,18,"QARC is a targeted proposal that aims at the practical deployment of post-quantum cryptographic (PQC) technologies into real-world applications and infrastructures. It is focused on implementing PQC to open-source software and on specific platforms, such as embedded constrained devices and hardware platforms, such as Field Programmable Gate Arrays (FPGAs). For these platforms, where secure implementations of PQC algorithms are still lacking, the consortium will develop novel prototypes and ev..."
101168490,RECITALS,"Secure Digital Identity Infrastructure",Ongoing,HORIZON-CL3-2023-CS-01-02,"Cybersecurity Research","Horizon Europe",2027-09-30,2027,6.04,"Prof. Dimitris Gritzalis AUEB (Athens University o",3,"Digital identity; Self-sovereign credentials; Privacy infrastructure",https://recitals-project.eu/,https://cordis.europa.eu/project/id/101168490,10,"RECITALS aims to build an open-source platform that integrates into a common framework a wide variety of techniques and services for privacy-preserving data sharing and identity management. The platform consists of three main modules:
1) RECITALS core provides a series of fundamental components that can be used as building blocks for constructing more complex services. These include: the distributed ledger, the identity lifecycle manager, the cryptography manager, the anonymization manager as..."
101119681,ResilMesh,"ResilMesh: Situation Aware enabled Cyber Res",Ongoing,HORIZON-CL3-2022-CS-01-01,"Cybersecurity Research","Horizon Europe",2026-09-30,2026,5.7,"Dr. Brian Lee - Technological University of the Sh",4,"Situational awareness; Mesh resilience; Cyber response orchestration",https://resilmesh.eu/,https://cordis.europa.eu/project/id/101119681,16,"ResilMesh will develop a cyber situational awareness based Security Orchestration and Analytics Platform Architecture (SOAPA) toolset to improve digital infrastructure resilience through fulfilling these objectives: 
1: Improving end-to-end data aggregation and security control interoperability in dispersed digital infrastructures
2: Giving CSIRTs better awareness of the service and asset dependencies of their network
3: Helping CSIRTs to build cyber resilience capacity 
4:Developing AI based..."
101158662,SafebyRaiffeisen,"Safe Cyber Experience by Raiffeisenbank",Ongoing,DIGITAL-ECCC-2023-DEPLOY-CYBER-04-E,Deployment,"Digital Europe",2027-05-31,2027,2.58,,3,"Banking cyber experience; Financial sector security; SME protection",https://www.rb.cz/en/about-us/safebyraiffeisen,https://ec.europa.eu/info/funding-tenders/opportunities/portal/screen/opportunities/projects-details/43152860/101158662/DIGITAL,1,"Raiffeisenbank Czech Republic (RBCZ) is a major financial institution operating within the Czech Republic, being the fourth largest bank in Czech Republic. As the Project applicant, Raiffeisen CZ plays a pivotal role in enhancing cybersecurity practices, cooperation, and resilience within the Czech banking sector. Through the implementation of this Project, the Bank will not only ensure compliance with cybersecurity legislation, build its internal capacities and robustness in the area of secu..."
101120393,Sec4AI4Sec,"Cybersecurity for AI-Augmented Systems",Ongoing,HORIZON-CL3-2022-CS-01-03,"Cybersecurity Research","Horizon Europe",2026-09-30,2026,4.28,"Prof. Stefano Sicari – Politecnico di Milano (CORD",4,"AI-augmented security; Trustworthy AI systems; AI/ML threat defence",https://www.sec4ai4sec-project.eu/,https://cordis.europa.eu/project/id/101120393,13,"With AI-enhanced components being deployed everywhere, including the very toolchains used for secure software development, the traditional security focus on software and hardware assets can no longer guarantee “secure services, processes and products, [and] digital infrastructures” in the EU Strategic Plan 2021-2024. 
Sec4AI4Sec wants to develop security-by-design testing and assurance techniques for AI-augmented systems, their software and AI assets. AI-augment systems provide an opportunity..."
101128049,SecAwarenessTruss,"A Dynamic Training programme based on Cyber-R",Ongoing,DIGITAL-ECCC-2022-CYBER-03-CYBER-RE,"Cyber Ranges","Digital Europe",2026-12-31,2026,2.04,,3,"Awareness training; Cyber range exercises; Dynamic learning paths",https://secawarenesstruss.eu/,https://ec.europa.eu/info/funding-tenders/opportunities/portal/screen/opportunities/projects-details/43152860/101128049/DIGITAL,11,"Critical Infrastructures (CIs) within critical sectors, such as telecommunications, energy, maritime and health, are now heavily relying on complex ICT infrastructures and key technologies (industrial control systems, cloud, IoT and Artificial Intelligence) to deliver robust and reliable services. Cyber-attacks on such infrastructure are constantly increasing and the impact of any successful attack could be devastating. There is an increased pressure to develop skilled cybersecurity workforce..."
101190325,SECURE,"SECURE - Strengthening EU SMEs Cyber Resilience",Ongoing,DIGITAL-ECCC-2024-DEPLOY-CYBER-06-STRENG,Deployment,"Digital Europe",2027-12-31,2027,21.92,"Agenzia per la Cybersicurezza Nazionale (ACN)",2,"SME cyber resilience; Large-scale EU deployment; NIS2/CRA compliance",https://www.secure4sme.eu/,https://ec.europa.eu/info/funding-tenders/opportunities/portal/screen/opportunities/projects-details/43152860/101190325/DIGITAL,14,"Supporting and enhancing EU SMEs cyber resilience capabilities not only protects them from cyber threats but also contributes maintaining the integrity of the EU's digital single market. Targeted assistance, resources, and guidance are vital for empowering SMEs to effectively navigate the regulatory landscape, ensuring their prosperity and a safer, more resilient digital Europe. By directly bringing together National (Cybersecurity) Coordination Centres (NCCs) and European Digital Innovation ..."
101217315,SECURE-NET,"Cybersecurity Ecosystem Development",Ongoing,HORIZON-WIDERA-2023-ACCESS-01,"Cybersecurity Research","Horizon Europe",2029-08-31,2029,3,"Prof. Zoran Bojkovic – University of Belgrade (COR",5,"Ecosystem development; Capacity widening; Research collaboration",https://securenet.isk.ktu.lt/,https://cordis.europa.eu/project/id/101217315,11,"The overarching objective of the SECURE-NET project is to improve the research and innovation capabilities in cybersecurity of four widening countries: Estonia, Czechia, Lithuania, and Ukraine. This objective will be achieved via enhanced cross-sectoral collaboration and the better training of R&I talents. To this end, SECURE-NET brings together 11 partners: eight organizations from widening countries (four academic, three businesses, and one governmental organization) which will be supported..."
101192000,"SNS CO-OP","SNS COLLABORATIVE OPERATIONS AND OUTPUT OPTIM",Ongoing,HORIZON-JU-SNS-2024-STREAM-CSA,Other,"Horizon Europe",2027-03-31,2027,3.91,"Uwe Herzog Eurescom",4,"5G/SNS collaboration; Network optimisation; Telecom coordination",https://smart-networks.europa.eu/,https://cordis.europa.eu/project/id/101192000,23,"The SNS CO-OP project is devoted to supporting and facilitating the activities of the SNS Initiative under the Smart Networks and Services Joint Undertaking (SNS JU). The SNS CO-OP project will achieve this by orchestrating and organising strategic activities, in collaboration with the SNS JU Office and the 6G Industry Association, to capture and promote the European Industry view on 6G, the achievements of the 6G SNS initiative and projects, and to promote the ambitions of the SNS JU. 

The ..."
101127847,SOCCER,"Security Operation Centres Capacity building for E",Ongoing,DIGITAL-ECCC-2022-CYBER-03-SOC,SOC,"Digital Europe",2026-10-31,2026,1.63,"HUN-REN SZTAKI (Institute for Computer Science and",5,"SOC capacity building; Cross-border detection; Threat intelligence sharing",https://soccer.sztaki.hun-ren.hu/,https://ec.europa.eu/info/funding-tenders/opportunities/portal/screen/opportunities/projects-details/43152860/101127847/DIGITAL,5,"""Recent events such as global pandemic, geopolitical tensions and introduction of new internet technologies have contributed to bring cybersecurity up to the second most important risk. The project """"Security Operation Centres Capacity building for European Resilience - SOCCER"""", established to answer the European call DIGITAL-ECCC-2022-CYBER-03-SOC - Capacity building of Security Operation Centres (SOCs) - brings together a consortium of cyber and technology experts from Germany, France, Hun..."
101128073,SOCCER,"Developing and deploying SOC capabilities for the",Ongoing,DIGITAL-ECCC-2022-CYBER-03-SOC,SOC,"Digital Europe",2026-09-30,2026,5.08,"AGH University of Science and Technology",4,"SOC capability deployment; Operational coordination; Regional SOC network",https://soccer.agh.edu.pl/en/,https://ec.europa.eu/info/funding-tenders/opportunities/portal/screen/opportunities/projects-details/43152860/101128073/DIGITAL,9,"Developing and deploying SOC capabilities for the academic sector - a teamwork of Universities and RTOs in the CEE region project is aimed at strengthening the cybersecurity capabilities and resilience of the EU by supporting the development of Security Operations Centres (SOC) preparedness, readiness, capabilities, and infrastructure within the academic sector – Universities and Research and Technology Organisations (RTOs) particularly in the Central Eastern Europe (CEE). The CEE region is n..."
101123118,SPECTRO,SPECTRO,Ongoing,DIGITAL-2022-SKILLS-03-SPECIALISED-EDU,"Skills & Training","Digital Europe",2027-08-31,2027,4.99,28DIGITAL,1,,,,0,
101213612,"StandICT.eu 2029","ICT Standardisation Observatory and Support F",Ongoing,HORIZON-CL4-2024-HUMAN-03-04,Other,"Horizon Europe",2028-09-30,2028,6,"Trust-IT Services SRL",4,"ICT standardisation; Standards observatory; International cooperation",https://standict.eu/,https://cordis.europa.eu/project/id/101213612,7,"StandICT.eu 2029 builds on the success of the previous three editions [2023-26, 2020-23, & 2018-19], delivered by the original partners who designed the previous editions, considered in Europe as the “go-to project” on ICT Standards in Europe. Its principal goal is to strengthen its global reach in the EU ICT Standardisation Ecosystem, by: a) managing a neutral and efficient facility supporting a Fellowship Programme with € 4.2M funding in 36 months & 6 Open Calls; b) delivering ICT standardi..."
101120853,SYNAPSE,"An Integrated Cyber Security Risk & Resilienc",Ongoing,HORIZON-CL3-2022-CS-01-01,"Cybersecurity Research","Horizon Europe",2026-10-31,2026,5.96,,3,"Integrated risk management; Resilience assessment; Cyber risk platform",https://www.synapse-project.eu/,https://cordis.europa.eu/project/id/101120853,14,"SYNAPSE aims to design, develop & deliver an Integrated Cyber Security Risk & Resilience Management Platform, with holistic Situational Awareness, Incident Response & Preparedness capabilities. The proposed platform will encompass: (i) Incident Response through process automation and orchestration mechanisms, also covering organisational/business aspects (e.g., business continuity processes); (ii) AI-enhanced Situational Awareness, encompassing extraction & analytics of actionable and pertine..."
101119747,TELEMETRY,"Trustworthy mEthodologies, open knowLedgE & autoMated tools for sEcurity Testing",Ongoing,HORIZON-CL3-2022-CS-01-02,"Cybersecurity Research","Horizon Europe",2026-11-30,2026,4.42,"Francesca Giampaolo ENG (Contact Point) / NOKIA (C",3,"Security testing methods; Open knowledge base; Automated verification",https://telemetry-project.eu/,https://cordis.europa.eu/project/id/101119747,10,"TELEMETRY will provide trustworthy tools that enable the continuous assessment of heterogenous, interlinked components & systems that constitute IoT ecosystems (interconnected IoT devices with hardware, software, services and communications infrastructure). Addressing all aspects of their lifecycle, the TELEMETRY holistic methodology and toolkit incorporates: testing for component development, testing & monitoring for component integration into systems, testing & monitoring for operation of s..."
101168023,TRANSCEND,"Transport resilience against Cyber and Non-Cy",Ongoing,HORIZON-CL3-2023-INFRA-01-02,"Infrastructure Protection","Horizon Europe",2027-08-31,2027,4.38,"Luxembourg Institute of Science and Technology (LI",5,"Transport resilience; Multi-modal security; Non-cyber threat defence",https://www.transcend-logistics.eu/,https://cordis.europa.eu/project/id/101168023,21,"The transport network is among the so-called Critical Infrastructures' (CIs), which are essential to maintaining the vital functions of the Single Market. While it is by nature a large-scale interconnected and interdependent system to efficiently move people and goods, its complexity also makes it more vulnerable in the event of a disruption and generates economic impact on a European scale. Due to the increasing cross-border interdependencies between services provided using critical infrastr..."
101158687,TrustBoost,"Unifying & Upgrading Certification Capabiliti",Ongoing,DIGITAL-ECCC-2023-DEPLOY-CYBER-04-E,Deployment,"Digital Europe",2027-08-31,2027,1.58,"NSAI (National Standards Authority of Ireland)",5,"Certification unification; EU cybersecurity standards; Compliance tooling",https://www.trustboost.eu/,https://ec.europa.eu/info/funding-tenders/opportunities/portal/screen/opportunities/projects-details/43152860/101158687/DIGITAL,11,"TrustBoost is a pioneering initiative designed to advance cybersecurity, resilience, and compliance throughout the European Union. Positioned in alignment with the DIGITAL-ECCC-2023-DEPLOY-CYBER-04-EULEGISLATION call, TrustBoost's core objective is to enhance collaborative efforts around cybersecurity compliance and certification in line with key EU legislations. As a consortium research project, it brings together an array of partners ranging from national authorities, CABs to ICT/IoT produc..."
101168016,VIGIMARE,"Vigilant Maritime Surveillance of Critical Su",Ongoing,HORIZON-CL3-2023-INFRA-01-02,"Infrastructure Protection","Horizon Europe",2027-08-31,2027,4.75,"Johanna Karvonen Laurea University of Applied Scie",5,"Maritime surveillance; Critical submarine cables; Sea infrastructure protection",https://vigimare.eu/,https://cordis.europa.eu/project/id/101168016,19,"The European submarine networks are vital critical infrastructure for the EU member states. This submarine cable and pipeline network is crucial for the European society and any failure or damage to it could potentially have an enormous effect on the societies. Due to the rapidly evolving threat and geopolitical landscape, especially with incidents like the sabotage of the Nord Stream 1 and 2 gas infrastructure, organizations overseeing critical infrastructure face significant challenges. The..."
